tax	124	126	180	192	259	307	334	424	47	83	total
Unclassified;Unknown;Unknown;Unknown;Unknown;Unknown;Unknown;Unknown	9059	24543	7135	5818	16094	51485	6765	59001	1013	8639	189552
Bacteria;Bacteria_none;Bacillota;Clostridia;Eubacteriales;Clostridiaceae;Clostridium;Clostridium botulinum	0	640	1	37	66	198	1	3003	0	10	3956
Eukaryota;Metazoa;Chordata;Mammalia;Primates;Hominidae;Homo;Homo sapiens	43	476	61	93	106	851	25	1977	13	121	3766
Bacteria;Bacteria_none;Pseudomonadota;Gammaproteobacteria;Enterobacterales;Enterobacteriaceae;Escherichia;Escherichia coli	446	344	52	71	457	371	23	1158	1	34	2957
Eukaryota;Eukaryota_Incertae_sedis;Apicomplexa;Aconoidasida;Piroplasmida;Babesiidae;Babesia;Babesia bigemina	2	298	1	30	61	125	2	1952	0	7	2478
Bacteria;Bacteria_none;Pseudomonadota;Gammaproteobacteria;Enterobacterales;Enterobacteriaceae;Salmonella;Salmonella enterica	116	268	100	48	240	497	155	502	6	113	2045
Bacteria;Bacteria_none;Bacillota;Bacilli;Lactobacillales;Enterococcaceae;Enterococcus;Enterococcus faecalis	0	0	0	303	0	0	0	0	0	0	303
Bacteria;Bacteria_none;Pseudomonadota;Gammaproteobacteria;Thiotrichales;Francisellaceae;Francisella;Francisella halioticida	22	28	4	2	78	33	11	102	0	1	281
Bacteria;Bacteria_none;Bacillota;Bacilli;Bacillales;Bacillaceae;Bacillus;Bacillus cereus	0	32	0	0	6	10	0	102	0	0	150
Bacteria;Bacteria_none;Actinomycetota;Actinomycetes;Mycobacteriales;Corynebacteriaceae;Corynebacterium;Corynebacterium camporealensis	51	3	2	1	2	0	19	1	0	0	79
Bacteria;Bacteria_none;Actinomycetota;Actinomycetes;Propionibacteriales;Propionibacteriaceae;Cutibacterium;Cutibacterium acnes	1	21	1	0	1	4	0	2	0	12	42
Bacteria;Bacteria_none;Actinomycetota;Actinomycetes;Mycobacteriales;Corynebacteriaceae;Corynebacterium;Corynebacterium urogenitale	10	0	0	1	0	1	10	0	0	5	27
Bacteria;Bacteria_none;Pseudomonadota;Gammaproteobacteria;Enterobacterales;Enterobacteriaceae;Escherichia;Escherichia marmotae	0	2	0	0	3	8	0	10	0	1	24
Bacteria;Bacteria_none;Pseudomonadota;Gammaproteobacteria;Pseudomonadales;Pseudomonadaceae;Pseudomonas;Pseudomonas sp. phDV1	4	0	0	2	4	8	0	0	0	6	24
Bacteria;Bacteria_none;Actinomycetota;Actinomycetes;Mycobacteriales;Corynebacteriaceae;Corynebacterium;Corynebacterium sanguinis	21	0	0	0	0	0	1	0	0	0	22
Eukaryota;Eukaryota_Incertae_sedis;Apicomplexa;Aconoidasida;Haemosporida;Plasmodiidae;Plasmodium;Plasmodium relictum	0	10	1	0	0	7	0	1	0	0	19
Bacteria;Bacteria_none;Pseudomonadota;Gammaproteobacteria;Vibrionales;Vibrionaceae;Vibrio;Vibrio anguillarum	0	6	0	1	1	6	0	1	0	2	17
Eukaryota;Fungi;Ascomycota;Saccharomycetes;Saccharomycetales;Saccharomycetaceae;Naumovozyma;Naumovozyma dairenensis	0	0	1	7	1	0	1	1	0	4	15
Bacteria;Bacteria_none;Pseudomonadota;Gammaproteobacteria;Pseudomonadales;Pseudomonadaceae;Pseudomonas;Pseudomonas oleovorans	2	0	5	2	2	0	0	0	0	3	14
Bacteria;Bacteria_none;Pseudomonadota;Alphaproteobacteria;Rickettsiales;Rickettsiaceae;Rickettsia;Rickettsia massiliae	0	0	0	0	0	12	0	0	0	0	12
Bacteria;Bacteria_none;Actinomycetota;Actinomycetes;Mycobacteriales;Corynebacteriaceae;Corynebacterium;Corynebacterium humireducens	1	0	1	0	0	0	0	0	0	9	11
Bacteria;Bacteria_none;Pseudomonadota;Gammaproteobacteria;Pseudomonadales;Pseudomonadaceae;Pseudomonas;Pseudomonas sp. AO-1	0	0	0	3	0	8	0	0	0	0	11
Bacteria;Bacteria_none;Actinomycetota;Actinomycetes;Mycobacteriales;Corynebacteriaceae;Corynebacterium;Corynebacterium qintianiae	9	0	1	0	0	0	0	0	0	0	10
Bacteria;Bacteria_none;Pseudomonadota;Gammaproteobacteria;Pseudomonadales;Pseudomonadaceae;Pseudomonas;Pseudomonas sp. AN-B15	0	0	4	0	0	4	0	0	0	2	10
Bacteria;Bacteria_none;Pseudomonadota;Gammaproteobacteria;Thiotrichales;Francisellaceae;Francisella;Francisella persica	0	0	2	0	3	0	0	0	0	5	10
Bacteria;Bacteria_none;Pseudomonadota;Alphaproteobacteria;Rickettsiales;Rickettsiaceae;Rickettsia;Rickettsia rickettsii	0	0	0	0	0	9	0	0	0	0	9
Bacteria;Bacteria_none;Actinomycetota;Actinomycetes;Mycobacteriales;Corynebacteriaceae;Corynebacterium;Corynebacterium mycetoides	7	0	0	0	0	0	1	0	0	0	8
Bacteria;Bacteria_none;Pseudomonadota;Alphaproteobacteria;Rickettsiales;Rickettsiaceae;Rickettsia;Rickettsia sibirica	0	0	0	0	0	8	0	0	0	0	8
Bacteria;Bacteria_none;Actinomycetota;Actinomycetes;Mycobacteriales;Corynebacteriaceae;Corynebacterium;Corynebacterium yudongzhengii	8	0	0	0	0	0	0	0	0	0	8
Bacteria;Bacteria_none;Actinomycetota;Actinomycetes;Mycobacteriales;Corynebacteriaceae;Corynebacterium;Corynebacterium maris	0	1	0	4	2	0	0	0	0	1	8
Bacteria;Bacteria_none;Pseudomonadota;Alphaproteobacteria;Rickettsiales;Rickettsiaceae;Rickettsia;Rickettsia peacockii	0	0	0	0	0	7	0	0	0	0	7
Bacteria;Bacteria_none;Pseudomonadota;Gammaproteobacteria;Pseudomonadales;Pseudomonadaceae;Pseudomonas;Pseudomonas sp. Y5-11	0	0	0	7	0	0	0	0	0	0	7
Bacteria;Bacteria_none;Actinomycetota;Actinomycetes;Mycobacteriales;Corynebacteriaceae;Corynebacterium;Corynebacterium sp. NML98-0116	7	0	0	0	0	0	0	0	0	0	7
Bacteria;Bacteria_none;Actinomycetota;Actinomycetes;Mycobacteriales;Corynebacteriaceae;Corynebacterium;Corynebacterium efficiens	0	0	0	0	0	0	0	0	0	7	7
Bacteria;Bacteria_none;Pseudomonadota;Alphaproteobacteria;Rickettsiales;Rickettsiaceae;Rickettsia;Rickettsia conorii	0	0	0	0	0	7	0	0	0	0	7
Bacteria;Bacteria_none;Actinomycetota;Actinomycetes;Micrococcales;Dermacoccaceae;Dermacoccus;Dermacoccus nishinomiyaensis	0	6	0	0	0	0	0	0	0	0	6
Eukaryota;Eukaryota_Incertae_sedis;Apicomplexa;Conoidasida;Eucoccidiorida;Sarcocystidae;Toxoplasma;Toxoplasma gondii	0	3	1	0	0	0	0	1	0	1	6
Eukaryota;Fungi;Basidiomycota;Pucciniomycetes;Pucciniales;Pucciniaceae;Puccinia;Puccinia striiformis	0	2	0	0	0	2	0	1	0	1	6
Bacteria;Bacteria_none;Pseudomonadota;Alphaproteobacteria;Rickettsiales;Rickettsiaceae;Rickettsia;Rickettsia rhipicephali	0	0	0	0	0	5	0	0	0	0	5
Bacteria;Bacteria_none;Pseudomonadota;Alphaproteobacteria;Rickettsiales;Rickettsiaceae;Rickettsia;Rickettsia asiatica	0	0	0	0	0	4	0	0	0	0	4
Bacteria;Bacteria_none;Pseudomonadota;Alphaproteobacteria;Rickettsiales;Rickettsiaceae;Rickettsia;Rickettsia amblyommatis	0	0	0	0	0	4	0	0	0	0	4
Bacteria;Bacteria_none;Pseudomonadota;Gammaproteobacteria;Oceanospirillales;Halomonadaceae;Halomonas;Halomonas sp. JS92-SW72	0	2	0	0	0	2	0	0	0	0	4
Bacteria;Bacteria_none;Actinomycetota;Actinomycetes;Mycobacteriales;Corynebacteriaceae;Corynebacterium;Corynebacterium timonense	4	0	0	0	0	0	0	0	0	0	4
Bacteria;Bacteria_none;Pseudomonadota;Gammaproteobacteria;Pseudomonadales;Pseudomonadaceae;Pseudomonas;Pseudomonas protegens	0	4	0	0	0	0	0	0	0	0	4
Bacteria;Bacteria_none;Pseudomonadota;Gammaproteobacteria;Enterobacterales;Enterobacteriaceae;Escherichia;Escherichia albertii	0	1	0	0	1	1	0	1	0	0	4
Bacteria;Bacteria_none;Pseudomonadota;Gammaproteobacteria;Pseudomonadales;Pseudomonadaceae;Pseudomonas;Pseudomonas alcaliphila	0	4	0	0	0	0	0	0	0	0	4
Eukaryota;Eukaryota_Incertae_sedis;Euglenozoa;Kinetoplastea;Trypanosomatida;Trypanosomatidae;Trypanosoma;Trypanosoma brucei	0	0	0	0	0	0	0	0	0	4	4
Bacteria;Bacteria_none;Actinomycetota;Actinomycetes;Mycobacteriales;Corynebacteriaceae;Corynebacterium;Corynebacterium doosanense	1	0	0	0	0	0	0	0	0	2	3
Bacteria;Bacteria_none;Pseudomonadota;Alphaproteobacteria;Sphingomonadales;Sphingomonadaceae;Sphingopyxis;Sphingopyxis sp. OPL5	0	0	0	0	0	1	0	2	0	0	3
Bacteria;Bacteria_none;Actinomycetota;Actinomycetes;Micrococcales;Micrococcaceae;Micrococcus;Micrococcus luteus	1	0	0	0	0	0	0	0	0	2	3
Bacteria;Bacteria_none;Bacillota;Bacilli;Bacillales;Staphylococcaceae;Staphylococcus;Staphylococcus chromogenes	1	0	0	0	0	0	0	1	0	1	3
Bacteria;Bacteria_none;Pseudomonadota;Alphaproteobacteria;Rickettsiales;Rickettsiaceae;Rickettsia;Rickettsia montanensis	0	0	0	0	0	3	0	0	0	0	3
Bacteria;Bacteria_none;Pseudomonadota;Alphaproteobacteria;Rickettsiales;Rickettsiaceae;Rickettsia;Rickettsia monacensis	0	0	0	0	0	3	0	0	0	0	3
Bacteria;Bacteria_none;Pseudomonadota;Gammaproteobacteria;Alteromonadales;Pseudoalteromonadaceae;Pseudoalteromonas;Pseudoalteromonas arctica	0	0	0	0	0	0	0	3	0	0	3
Bacteria;Bacteria_none;Pseudomonadota;Alphaproteobacteria;Rickettsiales;Candidatus Midichloriaceae;Candidatus Midichloria;Candidatus Midichloria mitochondrii	0	0	0	0	0	0	0	0	0	3	3
Bacteria;Bacteria_none;Bacillota;Bacilli;Bacillales;Paenibacillaceae;Paenibacillus;Paenibacillus antarcticus	0	0	0	0	0	0	0	3	0	0	3
Eukaryota;Fungi;Basidiomycota;Malasseziomycetes;Malasseziales;Malasseziaceae;Malassezia;Malassezia restricta	0	2	0	0	0	1	0	0	0	0	3
Eukaryota;Eukaryota_Incertae_sedis;Evosea;Eumycetozoa;Dictyosteliales;Dictyosteliaceae;Dictyostelium;Dictyostelium discoideum	0	0	0	0	0	2	0	1	0	0	3
Eukaryota;Fungi;Ascomycota;Sordariomycetes;Hypocreales;Nectriaceae;Fusarium;Fusarium keratoplasticum	0	1	0	0	0	2	0	0	0	0	3
Bacteria;Bacteria_none;Actinomycetota;Actinomycetes;Mycobacteriales;Corynebacteriaceae;Corynebacterium;Corynebacterium liangguodongii	1	0	0	0	0	0	0	0	0	1	2
Bacteria;Bacteria_none;Bacillota;Bacilli;Bacillales;Bacillaceae;Bacillus;Bacillus thuringiensis	0	0	0	0	0	0	0	2	0	0	2
Bacteria;Bacteria_none;Pseudomonadota;Gammaproteobacteria;Pseudomonadales;Pseudomonadaceae;Pseudomonas;Pseudomonas sihuiensis	0	0	0	0	2	0	0	0	0	0	2
Bacteria;Bacteria_none;Pseudomonadota;Gammaproteobacteria;Enterobacterales;Enterobacteriaceae;Candidatus Profftia;Candidatus Profftia tarda	0	2	0	0	0	0	0	0	0	0	2
Bacteria;Bacteria_none;Pseudomonadota;Deltaproteobacteria;Myxococcales;Sandaracinaceae;Sandaracinus;Sandaracinus amylolyticus	0	1	0	0	0	0	0	1	0	0	2
Bacteria;Bacteria_none;Pseudomonadota;Epsilonproteobacteria;Campylobacterales;Arcobacteraceae;Aliarcobacter;Aliarcobacter butzleri	0	0	0	0	0	2	0	0	0	0	2
Bacteria;Bacteria_none;Pseudomonadota;Gammaproteobacteria;Pseudomonadales;Pseudomonadaceae;Pseudomonas;Pseudomonas migulae	0	0	0	0	2	0	0	0	0	0	2
Bacteria;Bacteria_none;Actinomycetota;Actinomycetes;Mycobacteriales;Corynebacteriaceae;Corynebacterium;Corynebacterium sp. CNCTC7651	2	0	0	0	0	0	0	0	0	0	2
Bacteria;Bacteria_none;Bacillota;Bacilli;Bacillales;Staphylococcaceae;Staphylococcus;Staphylococcus xylosus	0	0	0	0	0	0	0	2	0	0	2
Bacteria;Bacteria_none;Actinomycetota;Actinomycetes;Mycobacteriales;Mycobacteriaceae;Mycolicibacterium;Mycolicibacterium fortuitum	0	0	0	0	0	0	0	1	0	1	2
Bacteria;Bacteria_none;Pseudomonadota;Betaproteobacteria;Neisseriales;Neisseriaceae;Wielerella;Wielerella bovis	0	0	0	0	0	0	0	0	0	2	2
Bacteria;Bacteria_none;Actinomycetota;Actinomycetes;Mycobacteriales;Lawsonellaceae;Lawsonella;Lawsonella clevelandensis	0	0	0	0	0	0	2	0	0	0	2
Bacteria;Bacteria_none;Actinomycetota;Actinomycetes;Mycobacteriales;Dietziaceae;Dietzia;Dietzia kunjamensis	2	0	0	0	0	0	0	0	0	0	2
Bacteria;Bacteria_none;Pseudomonadota;Gammaproteobacteria;Oceanospirillales;Halomonadaceae;Halomonas;Halomonas sp. 3H	0	0	0	0	0	0	0	2	0	0	2
Bacteria;Bacteria_none;Actinomycetota;Actinomycetes;Mycobacteriales;Corynebacteriaceae;Corynebacterium;Corynebacterium imitans	1	0	0	0	0	0	1	0	0	0	2
Eukaryota;Fungi;Ascomycota;Sordariomycetes;Glomerellales;Glomerellaceae;Colletotrichum;Colletotrichum higginsianum	0	1	0	0	0	1	0	0	0	0	2
Bacteria;Bacteria_none;Actinomycetota;Actinomycetes;Mycobacteriales;Corynebacteriaceae;Corynebacterium;Corynebacterium casei	0	0	0	0	0	0	0	0	0	2	2
Bacteria;Bacteria_none;Pseudomonadota;Gammaproteobacteria;Xanthomonadales;Xanthomonadaceae;Stenotrophomonas;Stenotrophomonas maltophilia	0	1	0	0	0	1	0	0	0	0	2
Bacteria;Bacteria_none;Actinomycetota;Actinomycetes;Micrococcales;Micrococcaceae;Glutamicibacter;Glutamicibacter protophormiae	0	2	0	0	0	0	0	0	0	0	2
Eukaryota;Fungi;Ascomycota;Saccharomycetes;Saccharomycetales;Saccharomycetaceae;Zygosaccharomyces;Zygosaccharomyces rouxii	0	1	0	0	0	1	0	0	0	0	2
Bacteria;Bacteria_none;Actinomycetota;Actinomycetes;Kitasatosporales;Streptomycetaceae;Streptomyces;Streptomyces sp. HL-66	0	0	0	0	0	1	0	1	0	0	2
Eukaryota;Fungi;Ascomycota;Eurotiomycetes;Eurotiales;Aspergillaceae;Penicillium;Penicillium oxalicum	0	2	0	0	0	0	0	0	0	0	2
Eukaryota;Fungi;Ascomycota;Sordariomycetes;Hypocreales;Nectriaceae;Fusarium;Fusarium venenatum	0	0	0	0	0	0	0	2	0	0	2
Bacteria;Bacteria_none;Pseudomonadota;Alphaproteobacteria;Rickettsiales;Rickettsiaceae;Rickettsia;Rickettsia australis	0	0	0	0	1	1	0	0	0	0	2
Bacteria;Bacteria_none;Pseudomonadota;Alphaproteobacteria;Rhodobacterales;Paracoccaceae;Paroceanicella;Paroceanicella profunda	0	0	0	1	0	0	1	0	0	0	2
Bacteria;Bacteria_none;Pseudomonadota;Alphaproteobacteria;Rickettsiales;Anaplasmataceae;Anaplasma;Anaplasma marginale	0	0	0	2	0	0	0	0	0	0	2
Bacteria;Bacteria_none;Pseudomonadota;Gammaproteobacteria;Pseudomonadales;Pseudomonadaceae;Stutzerimonas;Stutzerimonas balearica	0	0	1	0	0	0	0	1	0	0	2
Eukaryota;Fungi;Basidiomycota;Agaricomycetes;Agaricales;Strophariaceae;Psilocybe;Psilocybe cubensis	0	2	0	0	0	0	0	0	0	0	2
Bacteria;Bacteria_none;Pseudomonadota;Gammaproteobacteria;Pseudomonadales;Pseudomonadaceae;Pseudomonas;Pseudomonas wenzhouensis	0	0	0	0	0	1	0	0	0	1	2
Bacteria;Bacteria_none;Actinomycetota;Actinomycetes;Mycobacteriales;Corynebacteriaceae;Corynebacterium;Corynebacterium glutamicum	0	0	0	0	0	0	0	0	0	2	2
Bacteria;Bacteria_none;Actinomycetota;Actinomycetes;Mycobacteriales;Corynebacteriaceae;Corynebacterium;Corynebacterium halotolerans	0	0	0	0	0	0	0	0	0	2	2
Eukaryota;Eukaryota_Incertae_sedis;Euglenozoa;Kinetoplastea;Trypanosomatida;Trypanosomatidae;Leishmania;Leishmania mexicana	0	0	0	0	0	0	0	0	0	2	2
Eukaryota;Fungi;Ascomycota;Saccharomycetes;Saccharomycetales;Debaryomycetaceae;Candida;Candida albicans	0	1	0	0	0	0	0	0	0	1	2
Bacteria;Bacteria_none;Pseudomonadota;Alphaproteobacteria;Rhodobacterales;Roseobacteraceae;Thalassobacter;Thalassobacter stenotrophicus	0	0	0	0	0	0	0	1	0	0	1
Bacteria;Bacteria_none;Pseudomonadota;Deltaproteobacteria;Desulfuromonadales;Geobacteraceae;Geotalea;Geotalea daltonii	0	0	0	0	0	0	0	1	0	0	1
Bacteria;Bacteria_none;Pseudomonadota;Deltaproteobacteria;Myxococcales;Polyangiaceae;Chondromyces;Chondromyces crocatus	0	0	0	0	0	1	0	0	0	0	1
Bacteria;Bacteria_none;Pseudomonadota;Deltaproteobacteria;Desulfuromonadales;Geobacteraceae;Geobacter;Geobacter sp. SVR	0	1	0	0	0	0	0	0	0	0	1
Bacteria;Bacteria_none;Pseudomonadota;Alphaproteobacteria;Rhodospirillales;Azospirillaceae;Indioceanicola;Indioceanicola profundi	0	0	1	0	0	0	0	0	0	0	1
Bacteria;Bacteria_none;Pseudomonadota;Deltaproteobacteria;Desulfovibrionales;Desulfovibrionaceae;Desulfolutivibrio;Desulfolutivibrio sulfoxidireducens	0	0	0	0	0	0	0	1	0	0	1
Bacteria;Bacteria_none;Pseudomonadota;Deltaproteobacteria;Myxococcales;Polyangiaceae;Polyangium;Polyangium aurulentum	0	0	0	0	0	0	0	1	0	0	1
Bacteria;Bacteria_none;Pseudomonadota;Alphaproteobacteria;Sphingomonadales;Sphingomonadaceae;Sphingopyxis;Sphingopyxis macrogoltabida	0	1	0	0	0	0	0	0	0	0	1
Bacteria;Bacteria_none;Pseudomonadota;Alphaproteobacteria;Rhodobacterales;Roseobacteraceae;Phaeobacter;Phaeobacter gallaeciensis	0	0	1	0	0	0	0	0	0	0	1
Bacteria;Bacteria_none;Pseudomonadota;Alphaproteobacteria;Rhodobacterales;Roseobacteraceae;Oceanicola;Oceanicola sp. D3	0	0	0	0	0	0	0	0	0	1	1
Bacteria;Bacteria_none;Pseudomonadota;Alphaproteobacteria;Rhodobacterales;Paracoccaceae;Yoonia;Yoonia vestfoldensis	0	0	0	0	0	1	0	0	0	0	1
Bacteria;Bacteria_none;Pseudomonadota;Epsilonproteobacteria;Campylobacterales;Arcobacteraceae;Halarcobacter;Halarcobacter bivalviorum	0	1	0	0	0	0	0	0	0	0	1
Bacteria;Bacteria_none;Pseudomonadota;Epsilonproteobacteria;Campylobacterales;Arcobacteraceae;Malaciobacter;Malaciobacter mytili	0	1	0	0	0	0	0	0	0	0	1
Bacteria;Bacteria_none;Pseudomonadota;Epsilonproteobacteria;Campylobacterales;Campylobacteraceae;Campylobacter;Campylobacter canadensis	0	0	0	0	0	1	0	0	0	0	1
Bacteria;Bacteria_none;Pseudomonadota;Alphaproteobacteria;Rhodobacterales;Paracoccaceae;Paracoccus;Paracoccus sp. MC1862	0	0	1	0	0	0	0	0	0	0	1
Bacteria;Bacteria_none;Pseudomonadota;Epsilonproteobacteria;Campylobacterales;Helicobacteraceae;Helicobacter;Helicobacter bilis	0	0	0	0	0	0	0	1	0	0	1
Bacteria;Bacteria_none;Pseudomonadota;Alphaproteobacteria;Rhodobacterales;Paracoccaceae;Paracoccus;Paracoccus kondratievae	0	0	0	1	0	0	0	0	0	0	1
Bacteria;Bacteria_none;Pseudomonadota;Epsilonproteobacteria;Campylobacterales;Helicobacteraceae;Helicobacter;Helicobacter pylori	0	0	0	0	0	0	0	1	0	0	1
Bacteria;Bacteria_none;Pseudomonadota;Alphaproteobacteria;Hyphomicrobiales;Rhizobiaceae;Rhizobium;Rhizobium jaguaris	0	0	0	0	0	0	0	1	0	0	1
Bacteria;Bacteria_none;Pseudomonadota;Deltaproteobacteria;Desulfobacterales;Desulfocapsaceae;Desulfotalea;Desulfotalea psychrophila	0	0	0	0	0	0	0	1	0	0	1
Bacteria;Bacteria_none;Pseudomonadota;Betaproteobacteria;Nitrosomonadales;Gallionellaceae;Ferriphaselus;Ferriphaselus amnicola	0	0	0	0	0	0	0	1	0	0	1
Bacteria;Bacteria_none;Pseudomonadota;Deltaproteobacteria;Desulfobacterales;Desulfobulbaceae;Desulfolithobacter;Desulfolithobacter dissulfuricans	0	0	0	0	0	1	0	0	0	0	1
Bacteria;Bacteria_none;Pseudomonadota;Betaproteobacteria;Burkholderiales;Burkholderiaceae;Pandoraea;Pandoraea sp. XJJ-1	0	0	0	0	0	0	0	1	0	0	1
Bacteria;Bacteria_none;Pseudomonadota;Alphaproteobacteria;Sphingomonadales;Sphingomonadaceae;Sphingopyxis;Sphingopyxis alaskensis	0	0	0	0	0	1	0	0	0	0	1
Bacteria;Bacteria_none;Pseudomonadota;Alphaproteobacteria;Sphingomonadales;Sphingomonadaceae;Sphingomonas;Sphingomonas paucimobilis	0	1	0	0	0	0	0	0	0	0	1
Bacteria;Bacteria_none;Pseudomonadota;Betaproteobacteria;Burkholderiales;Alcaligenaceae;Alcaligenes;Alcaligenes sp. SORT26	0	0	0	0	0	1	0	0	0	0	1
Bacteria;Bacteria_none;Pseudomonadota;Alphaproteobacteria;Sphingomonadales;Sphingomonadaceae;Sphingomonas;Sphingomonas glaciei	0	0	0	0	0	0	0	1	0	0	1
Bacteria;Bacteria_none;Pseudomonadota;Betaproteobacteria;Burkholderiales;Alcaligenaceae;Pusillimonas;Pusillimonas thiosulfatoxidans	0	0	0	1	0	0	0	0	0	0	1
Bacteria;Bacteria_none;Pseudomonadota;Betaproteobacteria;Burkholderiales;Burkholderiaceae;Burkholderia;Burkholderia cepacia	0	1	0	0	0	0	0	0	0	0	1
Bacteria;Bacteria_none;Pseudomonadota;Alphaproteobacteria;Sphingomonadales;Sphingomonadaceae;Sphingobium;Sphingobium sp. SYK-6	0	0	0	0	0	0	0	1	0	0	1
Bacteria;Bacteria_none;Pseudomonadota;Betaproteobacteria;Burkholderiales;Burkholderiaceae;Burkholderia;Burkholderia vietnamiensis	0	0	0	1	0	0	0	0	0	0	1
Bacteria;Bacteria_none;Pseudomonadota;Alphaproteobacteria;Sphingomonadales;Sphingomonadaceae;Aquisediminimonas;Aquisediminimonas profunda	0	0	0	0	0	1	0	0	0	0	1
Bacteria;Bacteria_none;Pseudomonadota;Alphaproteobacteria;Sphingomonadales;Erythrobacteraceae;Paraurantiacibacter;Paraurantiacibacter namhicola	0	0	0	0	0	0	0	1	0	0	1
Bacteria;Bacteria_none;Pseudomonadota;Betaproteobacteria;Burkholderiales;Burkholderiaceae;Cupriavidus;Cupriavidus oxalaticus	0	0	0	0	0	1	0	0	0	0	1
Bacteria;Bacteria_none;Pseudomonadota;Alphaproteobacteria;Rickettsiales;Rickettsiaceae;Rickettsia;Rickettsia tillamookensis	0	0	0	0	0	1	0	0	0	0	1
Bacteria;Bacteria_none;Pseudomonadota;Deltaproteobacteria;Desulfobacterales;Desulfobacteraceae;Desulfococcus;Desulfococcus multivorans	0	0	0	0	0	0	0	0	0	1	1
Bacteria;Bacteria_none;Pseudomonadota;Betaproteobacteria;Burkholderiales;Comamonadaceae;Diaphorobacter;Diaphorobacter sp. HDW4A	0	0	0	0	0	0	0	1	0	0	1
Bacteria;Bacteria_none;Pseudomonadota;Alphaproteobacteria;Rickettsiales;Rickettsiaceae;Rickettsia;Rickettsia gravesii	0	0	0	0	0	1	0	0	0	0	1
Bacteria;Bacteria_none;Pseudomonadota;Betaproteobacteria;Burkholderiales;Oxalobacteraceae;Duganella;Duganella dendranthematis	0	0	0	0	0	0	0	1	0	0	1
Bacteria;Bacteria_none;Pseudomonadota;Betaproteobacteria;Burkholderiales;Oxalobacteraceae;Massilia;Massilia forsythiae	0	0	0	0	0	1	0	0	0	0	1
Bacteria;Bacteria_none;Pseudomonadota;Betaproteobacteria;Burkholderiales;Oxalobacteraceae;Pseudoduganella;Pseudoduganella lutea	0	0	0	0	0	0	0	0	0	1	1
Bacteria;Bacteria_none;Pseudomonadota;Betaproteobacteria;Burkholderiales;Sphaerotilaceae;Sphaerotilus;Sphaerotilus sp. FB-5	0	0	0	0	0	1	0	0	0	0	1
Bacteria;Bacteria_none;Pseudomonadota;Betaproteobacteria;Neisseriales;Neisseriaceae;Neisseria;Neisseria elongata	0	1	0	0	0	0	0	0	0	0	1
Bacteria;Bacteria_none;Pseudomonadota;Betaproteobacteria;Neisseriales;Neisseriaceae;Neisseria;Neisseria sicca	0	1	0	0	0	0	0	0	0	0	1
Bacteria;Bacteria_none;Pseudomonadota;Alphaproteobacteria;Rickettsiales;Anaplasmataceae;Ehrlichia;Ehrlichia ruminantium	0	0	0	0	0	0	0	0	0	1	1
Bacteria;Bacteria_none;Pseudomonadota;Gammaproteobacteria;Alteromonadales;Alteromonadaceae;Glaciecola;Glaciecola nitratireducens	0	0	0	1	0	0	0	0	0	0	1
Bacteria;Bacteria_none;Pseudomonadota;Betaproteobacteria;Nitrosomonadales;Usitatibacteraceae;Usitatibacter;Usitatibacter rugosus	0	1	0	0	0	0	0	0	0	0	1
Bacteria;Bacteria_none;Pseudomonadota;Gammaproteobacteria;Alteromonadales;Alteromonadaceae;Alteromonas;Alteromonas stellipolaris	0	1	0	0	0	0	0	0	0	0	1
Archaea;Archaea_none;Crenarchaeota;Thermoprotei;Sulfolobales;Sulfolobaceae;Sulfolobus;Sulfolobus acidocaldarius	0	0	1	0	0	0	0	0	0	0	1
Bacteria;Bacteria_none;Pseudomonadota;Gammaproteobacteria;Alteromonadales;Idiomarinaceae;Idiomarina;Idiomarina abyssalis	0	0	0	0	1	0	0	0	0	0	1
Bacteria;Bacteria_none;Pseudomonadota;Gammaproteobacteria;Vibrionales;Vibrionaceae;Vibrio;Vibrio lentus	0	0	0	0	0	1	0	0	0	0	1
Bacteria;Bacteria_none;Pseudomonadota;Gammaproteobacteria;Xanthomonadales;Xanthomonadaceae;Xanthomonas;Xanthomonas translucens	0	0	0	0	0	1	0	0	0	0	1
Bacteria;Bacteria_none;Pseudomonadota;Gammaproteobacteria;Xanthomonadales;Xanthomonadaceae;Stenotrophomonas;Stenotrophomonas sp. DR822	0	0	0	0	0	1	0	0	0	0	1
Bacteria;Bacteria_none;Pseudomonadota;Gammaproteobacteria;Xanthomonadales;Xanthomonadaceae;Luteimonas;Luteimonas yindakuii	0	0	0	0	0	0	0	0	0	1	1
Bacteria;Bacteria_none;Pseudomonadota;Gammaproteobacteria;Vibrionales;Vibrionaceae;Vibrio;Vibrio rhizosphaerae	0	0	0	1	0	0	0	0	0	0	1
Bacteria;Bacteria_none;Pseudomonadota;Gammaproteobacteria;Vibrionales;Vibrionaceae;Vibrio;Vibrio parahaemolyticus	0	0	0	0	0	1	0	0	0	0	1
Bacteria;Bacteria_none;Pseudomonadota;Gammaproteobacteria;Vibrionales;Vibrionaceae;Vibrio;Vibrio panuliri	0	0	0	0	0	0	0	1	0	0	1
Bacteria;Bacteria_none;Pseudomonadota;Gammaproteobacteria;Vibrionales;Vibrionaceae;Vibrio;Vibrio japonicus	0	0	0	0	0	1	0	0	0	0	1
Bacteria;Bacteria_none;Spirochaetota;Spirochaetia;Brachyspirales;Brachyspiraceae;Brachyspira;Brachyspira pilosicoli	0	0	0	0	0	0	0	1	0	0	1
Bacteria;Bacteria_none;Pseudomonadota;Gammaproteobacteria;Thiotrichales;Francisellaceae;Francisella;Francisella tularensis	0	0	0	0	1	0	0	0	0	0	1
Bacteria;Bacteria_none;Pseudomonadota;Gammaproteobacteria;Thiotrichales;Francisellaceae;Francisella;Francisella sp. Scap27	0	0	0	0	1	0	0	0	0	0	1
Bacteria;Bacteria_none;Pseudomonadota;Gammaproteobacteria;Pseudomonadales;Pseudomonadaceae;Pseudomonas;Pseudomonas xanthosomae	0	0	0	0	0	0	0	1	0	0	1
Bacteria;Bacteria_none;Pseudomonadota;Gammaproteobacteria;Pseudomonadales;Pseudomonadaceae;Pseudomonas;Pseudomonas sp. p1(2021b)	0	0	0	0	0	0	0	1	0	0	1
Bacteria;Bacteria_none;Pseudomonadota;Gammaproteobacteria;Pseudomonadales;Pseudomonadaceae;Pseudomonas;Pseudomonas sp. Q1-7	0	0	0	0	0	0	0	1	0	0	1
Bacteria;Bacteria_none;Pseudomonadota;Gammaproteobacteria;Pseudomonadales;Pseudomonadaceae;Pseudomonas;Pseudomonas sp. MSPm1	0	0	1	0	0	0	0	0	0	0	1
Bacteria;Bacteria_none;Pseudomonadota;Oligoflexia;Bdellovibrionales;Pseudobdellovibrionaceae;Bdellovibrio;Bdellovibrio bacteriovorus	0	0	0	0	0	0	0	1	0	0	1
Bacteria;Bacteria_none;Spirochaetota;Spirochaetia;Leptospirales;Leptospiraceae;Leptospira;Leptospira interrogans	0	0	0	0	0	0	0	1	0	0	1
Bacteria;Bacteria_none;Pseudomonadota;Gammaproteobacteria;Pseudomonadales;Pseudomonadaceae;Pseudomonas;Pseudomonas sediminis	0	0	0	0	1	0	0	0	0	0	1
Eukaryota;Fungi;Ascomycota;Saccharomycetes;Saccharomycetales;Saccharomycetaceae;Eremothecium;Eremothecium cymbalariae	0	1	0	0	0	0	0	0	0	0	1
Eukaryota;Fungi;Basidiomycota;Tremellomycetes;Tremellales;Cryptococcaceae;Cryptococcus;Cryptococcus gattii VGI	0	1	0	0	0	0	0	0	0	0	1
Eukaryota;Fungi;Basidiomycota;Pucciniomycetes;Pucciniales;Pucciniaceae;Puccinia;Puccinia triticina	0	0	0	0	1	0	0	0	0	0	1
Eukaryota;Fungi;Ascomycota;Sordariomycetes;Magnaporthales;Pyriculariaceae;Pyricularia;Pyricularia oryzae	0	0	0	1	0	0	0	0	0	0	1
Eukaryota;Fungi;Ascomycota;Sordariomycetes;Hypocreales;Ophiocordycipitaceae;Purpureocillium;Purpureocillium takamizusanense	0	0	1	0	0	0	0	0	0	0	1
Eukaryota;Fungi;Ascomycota;Sordariomycetes;Glomerellales;Glomerellaceae;Colletotrichum;Colletotrichum lupini	0	0	0	0	0	0	0	1	0	0	1
Eukaryota;Fungi;Ascomycota;Saccharomycetes;Saccharomycetales;Saccharomycetaceae;Tetrapisispora;Tetrapisispora blattae	0	1	0	0	0	0	0	0	0	0	1
Eukaryota;Fungi;Ascomycota;Saccharomycetes;Saccharomycetales;Debaryomycetaceae;Candida;Candida dubliniensis	0	0	0	0	0	1	0	0	0	0	1
Bacteria;Bacteria_none;Spirochaetota;Spirochaetia;Leptospirales;Leptospiraceae;Leptospira;Leptospira sp. GIMC2001	0	0	0	0	0	1	0	0	0	0	1
Eukaryota;Fungi;Ascomycota;Eurotiomycetes;Eurotiales;Aspergillaceae;Aspergillus;Aspergillus luchuensis	0	0	1	0	0	0	0	0	0	0	1
Eukaryota;Eukaryota_Incertae_sedis;Euglenozoa;Kinetoplastea;Trypanosomatida;Trypanosomatidae;Leishmania;Leishmania braziliensis	0	0	0	0	0	1	0	0	0	0	1
Eukaryota;Eukaryota_Incertae_sedis;Apicomplexa;Aconoidasida;Haemosporida;Plasmodiidae;Plasmodium;Plasmodium vivax	0	0	0	0	0	1	0	0	0	0	1
Eukaryota;Eukaryota_Incertae_sedis;Apicomplexa;Aconoidasida;Haemosporida;Plasmodiidae;Plasmodium;Plasmodium malariae	0	0	0	0	0	0	0	1	0	0	1
Eukaryota;Eukaryota_Incertae_sedis;Apicomplexa;Aconoidasida;Haemosporida;Plasmodiidae;Plasmodium;Plasmodium chabaudi	0	0	0	0	0	0	0	1	0	0	1
Eukaryota;Eukaryota_Incertae_sedis;Apicomplexa;Aconoidasida;Haemosporida;Plasmodiidae;Plasmodium;Plasmodium berghei	0	0	0	0	0	0	0	1	0	0	1
Bacteria;Bacteria_none;Pseudomonadota;Gammaproteobacteria;Pseudomonadales;Pseudomonadaceae;Pseudomonas;Pseudomonas sp. B21-054	0	0	1	0	0	0	0	0	0	0	1
Bacteria;Bacteria_none;Pseudomonadota;Gammaproteobacteria;Pseudomonadales;Pseudomonadaceae;Pseudomonas;Pseudomonas oryzihabitans	0	0	0	0	0	0	0	0	0	1	1
Bacteria;Bacteria_none;Pseudomonadota;Gammaproteobacteria;Alteromonadales;Shewanellaceae;Shewanella;Shewanella carassii	0	0	0	1	0	0	0	0	0	0	1
Bacteria;Bacteria_none;Pseudomonadota;Gammaproteobacteria;Enterobacterales;Enterobacteriaceae;Shigella;Shigella sonnei	0	0	0	0	0	1	0	0	0	0	1
Bacteria;Bacteria_none;Pseudomonadota;Gammaproteobacteria;Enterobacterales;Pectobacteriaceae;Pectobacterium;Pectobacterium punjabense	0	0	0	0	0	0	0	1	0	0	1
Bacteria;Bacteria_none;Pseudomonadota;Gammaproteobacteria;Enterobacterales;Pectobacteriaceae;Pectobacterium;Pectobacterium carotovorum	0	0	0	0	0	0	0	1	0	0	1
Bacteria;Bacteria_none;Pseudomonadota;Gammaproteobacteria;Enterobacterales;Pectobacteriaceae;Dickeya;Dickeya dadantii	0	0	0	0	0	0	0	1	0	0	1
Bacteria;Bacteria_none;Pseudomonadota;Gammaproteobacteria;Enterobacterales;Erwiniaceae;Pantoea;Pantoea agglomerans	0	0	0	0	0	0	0	0	0	1	1
Bacteria;Bacteria_none;Pseudomonadota;Gammaproteobacteria;Enterobacterales;Erwiniaceae;Erwinia;Erwinia rhapontici	0	0	0	0	0	0	0	1	0	0	1
Bacteria;Bacteria_none;Pseudomonadota;Gammaproteobacteria;Enterobacterales;Erwiniaceae;Buchnera;Buchnera aphidicola	0	0	0	0	0	0	0	1	0	0	1
Bacteria;Bacteria_none;Pseudomonadota;Gammaproteobacteria;Enterobacterales;Enterobacteriaceae;Leclercia;Leclercia sp. 29361	0	0	0	0	0	0	0	1	0	0	1
Bacteria;Bacteria_none;Pseudomonadota;Gammaproteobacteria;Legionellales;Legionellaceae;Legionella;Legionella jordanis	0	0	0	0	0	0	0	1	0	0	1
Bacteria;Bacteria_none;Pseudomonadota;Gammaproteobacteria;Enterobacterales;Enterobacteriaceae;Kosakonia;Kosakonia arachidis	0	0	0	0	0	0	0	1	0	0	1
Bacteria;Bacteria_none;Pseudomonadota;Gammaproteobacteria;Enterobacterales;Enterobacteriaceae;Enterobacter;Enterobacter sp. E76	0	0	0	0	0	0	0	1	0	0	1
Bacteria;Bacteria_none;Pseudomonadota;Gammaproteobacteria;Enterobacterales;Enterobacteriaceae;Citrobacter;Citrobacter freundii	0	0	0	0	0	1	0	0	0	0	1
Bacteria;Bacteria_none;Pseudomonadota;Gammaproteobacteria;Chromatiales;Ectothiorhodospiraceae;Thioalkalivibrio;Thioalkalivibrio versutus	0	1	0	0	0	0	0	0	0	0	1
Bacteria;Bacteria_none;Pseudomonadota;Gammaproteobacteria;Cellvibrionales;Cellvibrionaceae;Gilvimarinus;Gilvimarinus sp. DA14	0	0	0	0	0	0	0	0	0	1	1
Bacteria;Bacteria_none;Pseudomonadota;Gammaproteobacteria;Alteromonadales;Shewanellaceae;Shewanella;Shewanella chilikensis	0	0	0	1	0	0	0	0	0	0	1
Bacteria;Bacteria_none;Pseudomonadota;Gammaproteobacteria;Legionellales;Coxiellaceae;Coxiella;Candidatus Coxiella mudrowiae	1	0	0	0	0	0	0	0	0	0	1
Bacteria;Bacteria_none;Pseudomonadota;Gammaproteobacteria;Moraxellales;Moraxellaceae;Acinetobacter;Acinetobacter baumannii	0	1	0	0	0	0	0	0	0	0	1
Bacteria;Bacteria_none;Pseudomonadota;Gammaproteobacteria;Pseudomonadales;Pseudomonadaceae;Pseudomonas;Pseudomonas orientalis	0	0	0	0	0	0	0	1	0	0	1
Bacteria;Bacteria_none;Pseudomonadota;Gammaproteobacteria;Oceanospirillales;Oceanospirillaceae;Thalassolituus;Thalassolituus oleivorans	0	0	0	0	0	0	0	1	0	0	1
Bacteria;Bacteria_none;Pseudomonadota;Gammaproteobacteria;Pseudomonadales;Pseudomonadaceae;Pseudomonas;Pseudomonas monteilii	0	0	0	0	1	0	0	0	0	0	1
Bacteria;Bacteria_none;Pseudomonadota;Gammaproteobacteria;Pseudomonadales;Pseudomonadaceae;Pseudomonas;Pseudomonas libanensis	0	0	0	0	0	0	0	1	0	0	1
Bacteria;Bacteria_none;Pseudomonadota;Gammaproteobacteria;Pseudomonadales;Pseudomonadaceae;Pseudomonas;Pseudomonas fluorescens	0	0	0	0	1	0	0	0	0	0	1
Bacteria;Bacteria_none;Pseudomonadota;Gammaproteobacteria;Pseudomonadales;Pseudomonadaceae;Pseudomonas;Pseudomonas chengduensis	0	0	0	0	1	0	0	0	0	0	1
Bacteria;Bacteria_none;Pseudomonadota;Gammaproteobacteria;Pseudomonadales;Marinobacteraceae;Marinobacter;Marinobacter sp. AN1	0	0	0	0	0	1	0	0	0	0	1
Bacteria;Bacteria_none;Pseudomonadota;Gammaproteobacteria;Pasteurellales;Pasteurellaceae;Vespertiliibacter;Vespertiliibacter pulmonis	0	0	0	0	0	0	0	1	0	0	1
Bacteria;Bacteria_none;Pseudomonadota;Gammaproteobacteria;Oceanospirillales;Oceanospirillaceae;Marinomonas;Marinomonas sp. A3A	0	0	0	0	0	0	0	1	0	0	1
Bacteria;Bacteria_none;Pseudomonadota;Gammaproteobacteria;Moraxellales;Moraxellaceae;Acinetobacter;Acinetobacter cumulans	0	1	0	0	0	0	0	0	0	0	1
Bacteria;Bacteria_none;Pseudomonadota;Gammaproteobacteria;Oceanospirillales;Oceanospirillaceae;Marinobacterium;Marinobacterium sp. LSUCC0821	0	0	0	0	0	0	0	1	0	0	1
Bacteria;Bacteria_none;Pseudomonadota;Gammaproteobacteria;Oceanospirillales;Halomonadaceae;Zymobacter;Zymobacter palmae	0	0	0	0	0	0	0	1	0	0	1
Bacteria;Bacteria_none;Pseudomonadota;Alphaproteobacteria;Hyphomicrobiales;Rhizobiaceae;Ensifer;Ensifer alkalisoli	0	0	0	0	0	1	0	0	0	0	1
Bacteria;Bacteria_none;Pseudomonadota;Gammaproteobacteria;Moraxellales;Moraxellaceae;Acinetobacter;Acinetobacter vivianii	0	0	0	0	0	0	0	1	0	0	1
Bacteria;Bacteria_none;Pseudomonadota;Gammaproteobacteria;Moraxellales;Moraxellaceae;Acinetobacter;Acinetobacter junii	0	0	0	1	0	0	0	0	0	0	1
Bacteria;Bacteria_none;Pseudomonadota;Gammaproteobacteria;Moraxellales;Moraxellaceae;Acinetobacter;Acinetobacter indicus	0	0	0	0	0	0	0	0	0	1	1
Bacteria;Bacteria_none;Pseudomonadota;Alphaproteobacteria;Hyphomicrobiales;Rhizobiaceae;Pseudorhizobium;Pseudorhizobium flavum	0	1	0	0	0	0	0	0	0	0	1
Bacteria;Bacteria_none;Deinococcota;Deinococci;Deinococcales;Deinococcaceae;Deinococcus;Deinococcus psychrotolerans	0	0	0	0	0	0	0	1	0	0	1
Bacteria;Bacteria_none;Pseudomonadota;Alphaproteobacteria;Hyphomicrobiales;Phyllobacteriaceae;Mesorhizobium;Mesorhizobium sp. M7D.F.Ca.US.005.01.1.1	0	0	0	0	0	0	0	0	0	1	1
Bacteria;Bacteria_none;Actinomycetota;Actinomycetes;Micrococcales;Ornithinimicrobiaceae;Ornithinimicrobium;Ornithinimicrobium pratense	0	0	0	0	0	0	0	0	0	1	1
Bacteria;Bacteria_none;Actinomycetota;Actinomycetes;Mycobacteriales;Corynebacteriaceae;Corynebacterium;Corynebacterium segmentosum	0	0	0	0	0	0	0	0	0	1	1
Bacteria;Bacteria_none;Actinomycetota;Actinomycetes;Mycobacteriales;Corynebacteriaceae;Corynebacterium;Corynebacterium propinquum	0	0	0	0	0	1	0	0	0	0	1
Bacteria;Bacteria_none;Actinomycetota;Actinomycetes;Mycobacteriales;Corynebacteriaceae;Corynebacterium;Corynebacterium minutissimum	0	0	1	0	0	0	0	0	0	0	1
Bacteria;Bacteria_none;Actinomycetota;Actinomycetes;Mycobacteriales;Corynebacteriaceae;Corynebacterium;Corynebacterium marinum	0	0	0	0	0	0	0	0	0	1	1
Bacteria;Bacteria_none;Actinomycetota;Actinomycetes;Mycobacteriales;Corynebacteriaceae;Corynebacterium;Corynebacterium lactis	1	0	0	0	0	0	0	0	0	0	1
Bacteria;Bacteria_none;Actinomycetota;Actinomycetes;Mycobacteriales;Corynebacteriaceae;Corynebacterium;Corynebacterium kefirresidentii	1	0	0	0	0	0	0	0	0	0	1
Bacteria;Bacteria_none;Actinomycetota;Actinomycetes;Mycobacteriales;Corynebacteriaceae;Corynebacterium;Corynebacterium jeddahense	0	0	0	0	0	1	0	0	0	0	1
Bacteria;Bacteria_none;Actinomycetota;Actinomycetes;Mycobacteriales;Corynebacteriaceae;Corynebacterium;Corynebacterium ihumii	1	0	0	0	0	0	0	0	0	0	1
Bacteria;Bacteria_none;Actinomycetota;Actinomycetes;Mycobacteriales;Corynebacteriaceae;Corynebacterium;Corynebacterium hindlerae	1	0	0	0	0	0	0	0	0	0	1
Bacteria;Bacteria_none;Actinomycetota;Actinomycetes;Mycobacteriales;Corynebacteriaceae;Corynebacterium;Corynebacterium heidelbergense	1	0	0	0	0	0	0	0	0	0	1
Bacteria;Bacteria_none;Actinomycetota;Actinomycetes;Mycobacteriales;Corynebacteriaceae;Corynebacterium;Corynebacterium glaucum	1	0	0	0	0	0	0	0	0	0	1
Bacteria;Bacteria_none;Actinomycetota;Actinomycetes;Mycobacteriales;Corynebacteriaceae;Corynebacterium;Corynebacterium freneyi	0	0	0	0	0	0	0	0	0	1	1
Bacteria;Bacteria_none;Actinomycetota;Actinomycetes;Mycobacteriales;Corynebacteriaceae;Corynebacterium;Corynebacterium frankenforstense	1	0	0	0	0	0	0	0	0	0	1
Bacteria;Bacteria_none;Actinomycetota;Actinomycetes;Mycobacteriales;Corynebacteriaceae;Corynebacterium;Corynebacterium endometrii	0	0	0	1	0	0	0	0	0	0	1
Bacteria;Bacteria_none;Actinomycetota;Actinomycetes;Mycobacteriales;Corynebacteriaceae;Corynebacterium;Corynebacterium comes	1	0	0	0	0	0	0	0	0	0	1
Bacteria;Bacteria_none;Actinomycetota;Actinomycetes;Mycobacteriales;Corynebacteriaceae;Corynebacterium;Corynebacterium atypicum	1	0	0	0	0	0	0	0	0	0	1
Bacteria;Bacteria_none;Actinomycetota;Actinomycetes;Micromonosporales;Micromonosporaceae;Dactylosporangium;Dactylosporangium fulvum	0	0	0	1	0	0	0	0	0	0	1
Bacteria;Bacteria_none;Actinomycetota;Actinomycetes;Micromonosporales;Micromonosporaceae;Actinoplanes;Actinoplanes derwentensis	0	0	0	0	0	1	0	0	0	0	1
Bacteria;Bacteria_none;Actinomycetota;Actinomycetes;Micrococcales;Ornithinimicrobiaceae;Ornithinimicrobium;Ornithinimicrobium sp. JY.X270	0	0	0	0	0	0	1	0	0	0	1
Bacteria;Bacteria_none;Actinomycetota;Actinomycetes;Mycobacteriales;Corynebacteriaceae;Corynebacterium;Corynebacterium singulare	0	1	0	0	0	0	0	0	0	0	1
Bacteria;Bacteria_none;Actinomycetota;Actinomycetes;Mycobacteriales;Corynebacteriaceae;Corynebacterium;Corynebacterium sp. SCR221107	0	0	0	0	0	1	0	0	0	0	1
Bacteria;Bacteria_none;Actinomycetota;Actinomycetes;Mycobacteriales;Corynebacteriaceae;Corynebacterium;Corynebacterium terpenotabidum	1	0	0	0	0	0	0	0	0	0	1
Bacteria;Bacteria_none;Actinomycetota;Actinomycetes;Mycobacteriales;Gordoniaceae;Gordonia;Gordonia pseudamarae	0	1	0	0	0	0	0	0	0	0	1
Bacteria;Bacteria_none;Actinomycetota;Actinomycetes;Mycobacteriales;Mycobacteriaceae;Mycolicibacterium;Mycolicibacterium farcinogenes	0	0	0	0	0	0	0	1	0	0	1
Bacteria;Bacteria_none;Actinomycetota;Actinomycetes;Mycobacteriales;Mycobacteriaceae;Mycolicibacterium;Mycolicibacterium austroafricanum	0	0	0	0	0	0	0	1	0	0	1
Bacteria;Bacteria_none;Actinomycetota;Actinomycetes;Mycobacteriales;Mycobacteriaceae;Mycolicibacterium;Mycolicibacterium aurum	1	0	0	0	0	0	0	0	0	0	1
Bacteria;Bacteria_none;Actinomycetota;Actinomycetes;Mycobacteriales;Mycobacteriaceae;Mycolicibacterium;Mycolicibacterium anyangense	0	1	0	0	0	0	0	0	0	0	1
Bacteria;Bacteria_none;Actinomycetota;Actinomycetes;Mycobacteriales;Mycobacteriaceae;Mycobacteroides;Mycobacteroides abscessus	0	0	0	0	0	1	0	0	0	0	1
Bacteria;Bacteria_none;Actinomycetota;Actinomycetes;Mycobacteriales;Mycobacteriaceae;Mycobacterium;Mycobacterium simiae	0	0	0	0	0	1	0	0	0	0	1
Bacteria;Bacteria_none;Actinomycetota;Actinomycetes;Mycobacteriales;Mycobacteriaceae;Mycobacterium;Mycobacterium senriense	0	0	0	0	0	1	0	0	0	0	1
Bacteria;Bacteria_none;Actinomycetota;Actinomycetes;Mycobacteriales;Mycobacteriaceae;Mycobacterium;Mycobacterium kubicae	0	1	0	0	0	0	0	0	0	0	1
Bacteria;Bacteria_none;Actinomycetota;Actinomycetes;Mycobacteriales;Gordoniaceae;Gordonia;Gordonia polyisoprenivorans	0	0	0	0	0	0	0	1	0	0	1
Bacteria;Bacteria_none;Actinomycetota;Actinomycetes;Mycobacteriales;Corynebacteriaceae;Corynebacterium;Corynebacterium testudinoris	1	0	0	0	0	0	0	0	0	0	1
Bacteria;Bacteria_none;Actinomycetota;Actinomycetes;Mycobacteriales;Gordoniaceae;Gordonia;Gordonia phthalatica	1	0	0	0	0	0	0	0	0	0	1
Bacteria;Bacteria_none;Actinomycetota;Actinomycetes;Mycobacteriales;Gordoniaceae;Gordonia;Gordonia otitidis	1	0	0	0	0	0	0	0	0	0	1
Bacteria;Bacteria_none;Actinomycetota;Actinomycetes;Mycobacteriales;Dietziaceae;Dietzia;Dietzia sp. B32	0	0	1	0	0	0	0	0	0	0	1
Bacteria;Bacteria_none;Actinomycetota;Actinomycetes;Mycobacteriales;Corynebacteriaceae;Corynebacterium;Corynebacterium xerosis	0	0	0	0	0	0	0	0	0	1	1
Bacteria;Bacteria_none;Actinomycetota;Actinomycetes;Mycobacteriales;Corynebacteriaceae;Corynebacterium;Corynebacterium variabile	0	0	1	0	0	0	0	0	0	0	1
Bacteria;Bacteria_none;Actinomycetota;Actinomycetes;Mycobacteriales;Corynebacteriaceae;Corynebacterium;Corynebacterium ureicelerivorans	1	0	0	0	0	0	0	0	0	0	1
Bacteria;Bacteria_none;Actinomycetota;Actinomycetes;Mycobacteriales;Corynebacteriaceae;Corynebacterium;Corynebacterium urealyticum	1	0	0	0	0	0	0	0	0	0	1
Bacteria;Bacteria_none;Actinomycetota;Actinomycetes;Mycobacteriales;Corynebacteriaceae;Corynebacterium;Corynebacterium tuberculostearicum	1	0	0	0	0	0	0	0	0	0	1
Bacteria;Bacteria_none;Actinomycetota;Actinomycetes;Micrococcales;Ornithinimicrobiaceae;Ornithinimicrobium;Ornithinimicrobium sp. HY006	0	0	0	0	0	0	0	0	0	1	1
Bacteria;Bacteria_none;Actinomycetota;Actinomycetes;Micrococcales;Micrococcaceae;Rothia;Rothia kristinae	1	0	0	0	0	0	0	0	0	0	1
Bacteria;Bacteria_none;Pseudomonadota;Alphaproteobacteria;Hyphomicrobiales;Phyllobacteriaceae;Mesorhizobium;Mesorhizobium sp. B2-8-5	0	0	0	0	0	1	0	0	0	0	1
Bacteria;Bacteria_none;Actinomycetota;Actinomycetes;Micrococcales;Micrococcaceae;Kocuria;Kocuria indica	0	0	0	0	0	0	1	0	0	0	1
Bacteria;Bacteria_none;Actinomycetota;Actinomycetes;Kitasatosporales;Streptomycetaceae;Kitasatospora;Kitasatospora sp. MMS16-BH015	0	0	0	0	0	0	0	1	0	0	1
Bacteria;Bacteria_none;Actinomycetota;Actinomycetes;Jatrophihabitantales;Jatrophihabitantaceae;Jatrophihabitans;Jatrophihabitans sp. GAS493	0	1	0	0	0	0	0	0	0	0	1
Bacteria;Bacteria_none;Actinomycetota;Actinomycetes;Geodermatophilales;Geodermatophilaceae;Blastococcus;Blastococcus saxobsidens	0	0	0	0	0	1	0	0	0	0	1
Bacteria;Bacteria_none;Actinomycetota;Actinomycetes;Frankiales;Frankiaceae;Frankia;Frankia inefficax	0	1	0	0	0	0	0	0	0	0	1
Bacteria;Bacteria_none;Actinomycetota;Actinomycetes;Bifidobacteriales;Bifidobacteriaceae;Gardnerella;Gardnerella leopoldii	0	0	0	0	0	0	0	0	0	1	1
Bacteria;Bacteria_none;Actinomycetota;Actinomycetes;Actinomycetales;Actinomycetaceae;Schaalia;Schaalia odontolytica	0	1	0	0	0	0	0	0	0	0	1
Bacteria;Bacteria_none;Actinomycetota;Actinomycetes;Actinomycetales;Actinomycetaceae;Pauljensenia;Pauljensenia hongkongensis	0	1	0	0	0	0	0	0	0	0	1
Bacteria;Bacteria_none;Actinomycetota;Actinomycetes;Actinomycetales;Actinomycetaceae;Flaviflexus;Flaviflexus salsibiostraticola	0	0	0	1	0	0	0	0	0	0	1
Bacteria;Bacteria_none;Actinomycetota;Actinomycetes;Actinomycetales;Actinomycetaceae;Flaviflexus;Flaviflexus ciconiae	0	0	0	1	0	0	0	0	0	0	1
Bacteria;Bacteria_none;Actinomycetota;Actinomycetes;Actinomycetales;Actinomycetaceae;Actinomyces;Actinomyces sp. HMT 175	0	1	0	0	0	0	0	0	0	0	1
Bacteria;Bacteria_none;Actinomycetota;Actinomycetes;Actinomycetales;Actinomycetaceae;Actinomyces;Actinomyces oris	0	0	0	0	0	0	0	1	0	0	1
Bacteria;Bacteria_none;Actinomycetota;Actinomycetes;Actinomycetales;Actinomycetaceae;Actinomyces;Actinomyces naeslundii	0	1	0	0	0	0	0	0	0	0	1
Bacteria;Bacteria_none;Actinomycetota;Acidimicrobiia;Acidimicrobiales;Iamiaceae;Aquihabitans;Aquihabitans sp. G128	0	0	0	0	0	0	0	0	0	1	1
Archaea;Archaea_none;Euryarchaeota;Methanobacteria;Methanobacteriales;Methanobacteriaceae;Methanobacterium;Methanobacterium formicicum	0	0	0	0	0	1	0	0	0	0	1
Archaea;Archaea_none;Euryarchaeota;Halobacteria;Natrialbales;Natrialbaceae;Natronococcus;Natronococcus sp. CG52	0	1	0	0	0	0	0	0	0	0	1
Archaea;Archaea_none;Euryarchaeota;Halobacteria;Natrialbales;Natrialbaceae;Natronococcus;Natronococcus occultus	0	0	0	0	0	1	0	0	0	0	1
Archaea;Archaea_none;Euryarchaeota;Halobacteria;Natrialbales;Natrialbaceae;Natrinema;Natrinema sp. SYSU A 869	0	0	0	0	0	0	0	1	0	0	1
Archaea;Archaea_none;Euryarchaeota;Halobacteria;Haloferacales;Halorubraceae;Halolamina;Halolamina sp. CBA1230	0	0	0	0	0	1	0	0	0	0	1
Archaea;Archaea_none;Euryarchaeota;Halobacteria;Halobacteriales;Halobacteriaceae;Halorussus;Halorussus sp. XZYJT49	0	0	0	0	0	1	0	0	0	0	1
Bacteria;Bacteria_none;Actinomycetota;Actinomycetes;Kitasatosporales;Streptomycetaceae;Streptacidiphilus;Streptacidiphilus sp. PB12-B1b	0	0	0	0	1	0	0	0	0	0	1
Bacteria;Bacteria_none;Actinomycetota;Actinomycetes;Kitasatosporales;Streptomycetaceae;Streptomyces;Streptomyces cyaneochromogenes	0	0	0	0	0	0	0	1	0	0	1
Bacteria;Bacteria_none;Actinomycetota;Actinomycetes;Kitasatosporales;Streptomycetaceae;Streptomyces;Streptomyces gilvosporeus	0	0	0	0	0	1	0	0	0	0	1
Bacteria;Bacteria_none;Actinomycetota;Actinomycetes;Micrococcales;Dermabacteraceae;Dermabacter;Dermabacter vaginalis	0	0	0	0	0	0	0	1	0	0	1
Bacteria;Bacteria_none;Actinomycetota;Actinomycetes;Micrococcales;Micrococcaceae;Glutamicibacter;Glutamicibacter mishrai	0	0	0	0	0	1	0	0	0	0	1
Bacteria;Bacteria_none;Actinomycetota;Actinomycetes;Micrococcales;Micrococcaceae;Glutamicibacter;Glutamicibacter halophytocola	0	0	0	0	0	0	0	0	0	1	1
Bacteria;Bacteria_none;Actinomycetota;Actinomycetes;Micrococcales;Micrococcaceae;Arthrobacter;Arthrobacter sp. zg-Y462	0	0	0	0	0	0	1	0	0	0	1
Bacteria;Bacteria_none;Actinomycetota;Actinomycetes;Micrococcales;Microbacteriaceae;Leifsonia;Leifsonia sp. PS1209	1	0	0	0	0	0	0	0	0	0	1
Bacteria;Bacteria_none;Actinomycetota;Actinomycetes;Micrococcales;Microbacteriaceae;Curtobacterium;Curtobacterium sp. BH-2-1-1	0	0	0	0	0	1	0	0	0	0	1
Bacteria;Bacteria_none;Actinomycetota;Actinomycetes;Micrococcales;Intrasporangiaceae;Janibacter;Janibacter melonis	0	0	0	0	0	1	0	0	0	0	1
Bacteria;Bacteria_none;Actinomycetota;Actinomycetes;Micrococcales;Intrasporangiaceae;Janibacter;Janibacter limosus	1	0	0	0	0	0	0	0	0	0	1
Bacteria;Bacteria_none;Actinomycetota;Actinomycetes;Micrococcales;Intrasporangiaceae;Arsenicicoccus;Arsenicicoccus sp. oral taxon 190	0	0	0	0	0	1	0	0	0	0	1
Bacteria;Bacteria_none;Actinomycetota;Actinomycetes;Micrococcales;Dermabacteraceae;Brachybacterium;Brachybacterium sp. P6-10-X1	1	0	0	0	0	0	0	0	0	0	1
Bacteria;Bacteria_none;Actinomycetota;Actinomycetes;Kitasatosporales;Streptomycetaceae;Streptomyces;Streptomyces sp. AMCC400023	0	0	0	0	0	1	0	0	0	0	1
Bacteria;Bacteria_none;Actinomycetota;Actinomycetes;Micrococcales;Bogoriellaceae;Georgenia;Georgenia wutianyii	0	0	0	1	0	0	0	0	0	0	1
Bacteria;Bacteria_none;Actinomycetota;Actinomycetes;Kitasatosporales;Streptomycetaceae;Streptomyces;Streptomyces yangpuensis	0	0	0	1	0	0	0	0	0	0	1
Bacteria;Bacteria_none;Actinomycetota;Actinomycetes;Kitasatosporales;Streptomycetaceae;Streptomyces;Streptomyces thermocarboxydus	0	0	0	0	0	0	0	1	0	0	1
Bacteria;Bacteria_none;Actinomycetota;Actinomycetes;Kitasatosporales;Streptomycetaceae;Streptomyces;Streptomyces tendae	0	1	0	0	0	0	0	0	0	0	1
Bacteria;Bacteria_none;Actinomycetota;Actinomycetes;Kitasatosporales;Streptomycetaceae;Streptomyces;Streptomyces sp. W1SF4	0	0	0	0	0	1	0	0	0	0	1
Bacteria;Bacteria_none;Actinomycetota;Actinomycetes;Kitasatosporales;Streptomycetaceae;Streptomyces;Streptomyces sp. SUK 48	1	0	0	0	0	0	0	0	0	0	1
Bacteria;Bacteria_none;Actinomycetota;Actinomycetes;Kitasatosporales;Streptomycetaceae;Streptomyces;Streptomyces sp. S1D4-11	0	0	0	0	0	1	0	0	0	0	1
Bacteria;Bacteria_none;Actinomycetota;Actinomycetes;Kitasatosporales;Streptomycetaceae;Streptomyces;Streptomyces sp. HSG2	0	0	0	0	0	0	0	1	0	0	1
Bacteria;Bacteria_none;Actinomycetota;Actinomycetes;Mycobacteriales;Mycobacteriaceae;Mycolicibacterium;Mycolicibacterium smegmatis	0	0	0	1	0	0	0	0	0	0	1
Bacteria;Bacteria_none;Actinomycetota;Actinomycetes;Mycobacteriales;Nocardiaceae;Nocardia;Nocardia iowensis	1	0	0	0	0	0	0	0	0	0	1
Bacteria;Bacteria_none;Actinomycetota;Actinomycetes;Mycobacteriales;Nocardiaceae;Rhodococcus;Rhodococcus fascians	0	0	0	0	0	0	0	0	0	1	1
Bacteria;Bacteria_none;Actinomycetota;Actinomycetes;Propionibacteriales;Nocardioidaceae;Nocardioides;Nocardioides anomalus	0	0	0	0	0	0	0	0	0	1	1
Bacteria;Bacteria_none;Bacteroidota;Flavobacteriia;Flavobacteriales;Flavobacteriaceae;Seonamhaeicola;Seonamhaeicola sp. ML3	0	0	0	0	0	1	0	0	0	0	1
Bacteria;Bacteria_none;Bacteroidota;Flavobacteriia;Flavobacteriales;Flavobacteriaceae;Robiginitalea;Robiginitalea biformata	0	0	0	0	0	0	0	1	0	0	1
Bacteria;Bacteria_none;Bacteroidota;Flavobacteriia;Flavobacteriales;Flavobacteriaceae;Rasiella;Rasiella rasia	0	0	0	0	0	0	0	1	0	0	1
Bacteria;Bacteria_none;Bacteroidota;Flavobacteriia;Flavobacteriales;Flavobacteriaceae;Polaribacter;Polaribacter sp. KT25b	0	0	0	0	0	1	0	0	0	0	1
Bacteria;Bacteria_none;Bacteroidota;Flavobacteriia;Flavobacteriales;Flavobacteriaceae;Polaribacter;Polaribacter sp. BM10	0	0	0	0	0	0	0	1	0	0	1
Bacteria;Bacteria_none;Bacteroidota;Flavobacteriia;Flavobacteriales;Flavobacteriaceae;Gramella;Gramella forsetii	0	0	0	0	0	0	0	1	0	0	1
Bacteria;Bacteria_none;Bacteroidota;Flavobacteriia;Flavobacteriales;Flavobacteriaceae;Flavobacterium;Flavobacterium sp. N1994	0	1	0	0	0	0	0	0	0	0	1
Bacteria;Bacteria_none;Bacteroidota;Flavobacteriia;Flavobacteriales;Flavobacteriaceae;Flavobacterium;Flavobacterium sp. CJ74	0	0	0	0	0	1	0	0	0	0	1
Bacteria;Bacteria_none;Bacteroidota;Flavobacteriia;Flavobacteriales;Flavobacteriaceae;Flavobacterium;Flavobacterium gilvum	0	0	0	0	0	0	0	1	0	0	1
Bacteria;Bacteria_none;Bacteroidota;Flavobacteriia;Flavobacteriales;Flavobacteriaceae;Flavobacterium;Flavobacterium endoglycinae	0	0	0	0	0	0	0	1	0	0	1
Bacteria;Bacteria_none;Bacteroidota;Flavobacteriia;Flavobacteriales;Flavobacteriaceae;Flavobacterium;Flavobacterium davisii	0	1	0	0	0	0	0	0	0	0	1
Bacteria;Bacteria_none;Bacteroidota;Flavobacteriia;Flavobacteriales;Flavobacteriaceae;Flavobacterium;Flavobacterium anhuiense	0	1	0	0	0	0	0	0	0	0	1
Bacteria;Bacteria_none;Bacteroidota;Flavobacteriia;Flavobacteriales;Flavobacteriaceae;Flavivirga;Flavivirga eckloniae	1	0	0	0	0	0	0	0	0	0	1
Bacteria;Bacteria_none;Bacteroidota;Flavobacteriia;Flavobacteriales;Flavobacteriaceae;Algibacter;Algibacter sp. L1A34	0	0	0	0	0	0	0	0	0	1	1
Bacteria;Bacteria_none;Bacteroidota;Cytophagia;Cytophagales;Hymenobacteraceae;Adhaeribacter;Adhaeribacter radiodurans	0	1	0	0	0	0	0	0	0	0	1
Bacteria;Bacteria_none;Bacteroidota;Chitinophagia;Chitinophagales;Chitinophagaceae;Chitinophaga;Chitinophaga sp. HK235	0	0	0	0	0	0	0	1	0	0	1
Bacteria;Bacteria_none;Bacteroidota;Bacteroidia;Bacteroidales;Rikenellaceae;Alistipes;Alistipes communis	0	0	0	0	0	0	0	1	0	0	1
Bacteria;Bacteria_none;Bacteroidota;Bacteroidia;Bacteroidales;Prevotellaceae;Prevotella;Prevotella oris	0	1	0	0	0	0	0	0	0	0	1
Bacteria;Bacteria_none;Bacteroidota;Bacteroidia;Bacteroidales;Bacteroidaceae;Bacteroides;Bacteroides cellulosilyticus	0	0	0	0	0	0	0	1	0	0	1
Bacteria;Bacteria_none;Bacteroidota;Flavobacteriia;Flavobacteriales;Flavobacteriaceae;Tenacibaculum;Tenacibaculum dicentrarchi	0	0	0	0	0	0	0	1	0	0	1
Bacteria;Bacteria_none;Bacteroidota;Flavobacteriia;Flavobacteriales;Flavobacteriaceae;Tenacibaculum;Tenacibaculum finnmarkense	0	1	0	0	0	0	0	0	0	0	1
Bacteria;Bacteria_none;Bacteroidota;Flavobacteriia;Flavobacteriales;Weeksellaceae;Kaistella;Kaistella jeonii	0	0	0	0	1	0	0	0	0	0	1
Bacteria;Bacteria_none;Planctomycetota;Planctomycetia;Planctomycetales;Planctomycetaceae;Gimesia;Gimesia maris	0	1	0	0	0	0	0	0	0	0	1
Bacteria;Bacteria_none;Pseudomonadota;Alphaproteobacteria;Hyphomicrobiales;Phyllobacteriaceae;Mesorhizobium;Mesorhizobium huakuii	0	0	0	1	0	0	0	0	0	0	1
Bacteria;Bacteria_none;Pseudomonadota;Alphaproteobacteria;Hyphomicrobiales;Phyllobacteriaceae;Mesorhizobium;Mesorhizobium amorphae	0	0	0	0	0	1	0	0	0	0	1
Bacteria;Bacteria_none;Pseudomonadota;Alphaproteobacteria;Hyphomicrobiales;Phyllobacteriaceae;Aquibium;Aquibium oceanicum	0	0	0	0	0	1	0	0	0	0	1
Bacteria;Bacteria_none;Pseudomonadota;Alphaproteobacteria;Hyphomicrobiales;Methylobacteriaceae;Microvirga;Microvirga sp. VF16	0	1	0	0	0	0	0	0	0	0	1
Bacteria;Bacteria_none;Pseudomonadota;Alphaproteobacteria;Hyphomicrobiales;Brucellaceae;Brucella;Brucella intermedia	0	0	0	0	0	1	0	0	0	0	1
Bacteria;Bacteria_none;Pseudomonadota;Alphaproteobacteria;Caulobacterales;Caulobacteraceae;Caulobacter;Caulobacter rhizosphaerae	0	0	0	0	0	0	0	1	0	0	1
Bacteria;Bacteria_none;Pseudomonadota;Alphaproteobacteria;Caulobacterales;Caulobacteraceae;Caulobacter;Caulobacter mirabilis	0	0	0	0	0	0	0	0	0	1	1
Bacteria;Bacteria_none;Pseudomonadota;Alphaproteobacteria;Caulobacterales;Caulobacteraceae;Brevundimonas;Brevundimonas sp. LM2	0	0	0	0	0	1	0	0	0	0	1
Bacteria;Bacteria_none;Planctomycetota;Planctomycetia;Pirellulales;Pirellulaceae;Pirellula;Pirellula staleyi	0	0	0	0	0	1	0	0	0	0	1
Bacteria;Bacteria_none;Cyanobacteriota;Cyanobacteriota_Incertae_sedis;Cyanobacteriota_Incertae_sedis_Incertae_sedis;Cyanobacteriota_Incertae_sedis_Incertae_sedis_Incertae_sedis;Cyanobacteriota_Incertae_sedis_Incertae_sedis_Incertae_sedis_Incertae_sedis;cyanobacterium endosymbiont of Epithemia turgida	0	0	0	0	0	0	0	1	0	0	1
Bacteria;Bacteria_none;Mycoplasmatota;Mollicutes;Mycoplasmatales;Mycoplasmataceae;Mycoplasma;Mycoplasma struthionis	0	0	0	0	0	0	0	0	0	1	1
Bacteria;Bacteria_none;Mycoplasmatota;Mollicutes;Acholeplasmatales;Acholeplasmataceae;Mariniplasma;Mariniplasma anaerobium	0	0	0	0	0	1	0	0	0	0	1
Bacteria;Bacteria_none;Mycoplasmatota;Mollicutes;Acholeplasmatales;Acholeplasmataceae;Acholeplasma;Acholeplasma laidlawii	0	0	0	0	0	1	0	0	0	0	1
Bacteria;Bacteria_none;Elusimicrobia;Endomicrobia;Endomicrobiales;Endomicrobiaceae;Endomicrobium;Candidatus Endomicrobium trichonymphae	0	0	0	0	0	0	0	1	0	0	1
Archaea;Archaea_none;Crenarchaeota;Thermoprotei;Thermofilales;Thermofilaceae;Thermofilum;Thermofilum adornatum	0	1	0	0	0	0	0	0	0	0	1
Bacteria;Bacteria_none;Cyanobacteriota;Cyanophyceae;Pseudanabaenales;Leptolyngbyaceae;Leptolyngbya;Leptolyngbya boryana	0	0	0	0	0	0	0	1	0	0	1
Bacteria;Bacteria_none;Cyanobacteriota;Cyanophyceae;Nostocales;Nostocaceae;Nostoc;Nostoc punctiforme	0	0	0	0	0	0	0	1	0	0	1
Bacteria;Bacteria_none;Cyanobacteriota;Cyanophyceae;Chroococcales;Microcystaceae;Microcystis;Microcystis aeruginosa	0	0	0	0	0	0	0	1	0	0	1
Bacteria;Bacteria_none;Bacillota;Negativicutes;Veillonellales;Veillonellaceae;Megasphaera;Megasphaera stantonii	0	1	0	0	0	0	0	0	0	0	1
Bacteria;Bacteria_none;Bacillota;Clostridia;Thermoanaerobacterales;Zhaonellaceae;Zhaonella;Zhaonella formicivorans	0	0	0	0	0	1	0	0	0	0	1
Bacteria;Bacteria_none;Bacillota;Clostridia;Halanaerobiales;Halanaerobiaceae;Halanaerobium;Halanaerobium praevalens	0	0	0	0	0	1	0	0	0	0	1
Bacteria;Bacteria_none;Actinomycetota;Actinomycetes;Pseudonocardiales;Pseudonocardiaceae;Pseudonocardia;Pseudonocardia dioxanivorans	1	0	0	0	0	0	0	0	0	0	1
Bacteria;Bacteria_none;Bacillota;Bacilli;Bacillales;Bacillaceae;Peribacillus;Peribacillus asahii	0	0	1	0	0	0	0	0	0	0	1
Bacteria;Bacteria_none;Bacillota;Bacilli;Bacillales;Bacillaceae;Metabacillus;Metabacillus sp. KUDC1714	0	0	0	1	0	0	0	0	0	0	1
Bacteria;Bacteria_none;Bacillota;Bacilli;Bacillales;Bacillaceae;Metabacillus;Metabacillus litoralis	0	0	0	0	0	0	0	1	0	0	1
Bacteria;Bacteria_none;Bacillota;Bacilli;Bacillales;Bacillaceae;Anoxybacillus;Anoxybacillus caldiproteolyticus	0	0	0	0	0	0	0	1	0	0	1
Bacteria;Bacteria_none;Bacillota;Bacilli;Bacillales;Alicyclobacillaceae;Alicyclobacillus;Alicyclobacillus fastidiosus	0	0	0	0	0	0	0	1	0	0	1
Bacteria;Bacteria_none;Aquificota;Aquificae;Aquificales;Aquificaceae;Aquifex;Aquifex aeolicus	0	0	0	0	0	0	0	1	0	0	1
Bacteria;Bacteria_none;Actinomycetota;Coriobacteriia;Eggerthellales;Eggerthellaceae;Xiamenia;Xiamenia xianingshaonis	0	0	0	0	0	0	0	0	0	1	1
Bacteria;Bacteria_none;Actinomycetota;Coriobacteriia;Coriobacteriales;Coriobacteriaceae;Collinsella;Collinsella aerofaciens	0	0	0	0	0	1	0	0	0	0	1
Bacteria;Bacteria_none;Actinomycetota;Actinomycetes;Pseudonocardiales;Pseudonocardiaceae;Amycolatopsis;Amycolatopsis sp. HUAS 11-8	0	0	0	0	0	0	0	1	0	0	1
Bacteria;Bacteria_none;Bacillota;Bacilli;Bacillales;Bacillaceae;Radiobacillus;Radiobacillus kanasensis	0	0	0	0	0	0	0	1	0	0	1
Bacteria;Bacteria_none;Actinomycetota;Actinomycetes;Pseudonocardiales;Pseudonocardiaceae;Amycolatopsis;Amycolatopsis sp. CA-230715	0	0	0	0	0	0	0	0	0	1	1
Bacteria;Bacteria_none;Actinomycetota;Actinomycetes;Pseudonocardiales;Pseudonocardiaceae;Alloactinosynnema;Alloactinosynnema sp. L-07	1	0	0	0	0	0	0	0	0	0	1
Bacteria;Bacteria_none;Actinomycetota;Actinomycetes;Propionibacteriales;Propionibacteriaceae;Tessaracoccus;Tessaracoccus flavescens	0	0	0	0	0	0	0	1	0	0	1
Bacteria;Bacteria_none;Actinomycetota;Actinomycetes;Propionibacteriales;Propionibacteriaceae;Raineyella;Raineyella fluvialis	0	0	0	0	0	0	0	1	0	0	1
Bacteria;Bacteria_none;Actinomycetota;Actinomycetes;Propionibacteriales;Propionibacteriaceae;Propioniciclava;Propioniciclava sp. MC1595	0	0	0	0	0	0	0	0	0	1	1
Bacteria;Bacteria_none;Actinomycetota;Actinomycetes;Propionibacteriales;Propionibacteriaceae;Cutibacterium;Cutibacterium granulosum	0	1	0	0	0	0	0	0	0	0	1
Bacteria;Bacteria_none;Actinomycetota;Actinomycetes;Propionibacteriales;Nocardioidaceae;Nocardioides;Nocardioides sp. InS609-2	0	1	0	0	0	0	0	0	0	0	1
Bacteria;Bacteria_none;Actinomycetota;Actinomycetes;Propionibacteriales;Nocardioidaceae;Nocardioides;Nocardioides humi	0	0	0	0	0	0	0	0	0	1	1
Bacteria;Bacteria_none;Bacillota;Bacilli;Bacillales;Bacillaceae;Priestia;Priestia aryabhattai	0	1	0	0	0	0	0	0	0	0	1
Bacteria;Bacteria_none;Bacillota;Bacilli;Bacillales;Bacillaceae;Terribacillus;Terribacillus goriensis	0	0	0	0	0	0	0	1	0	0	1
Bacteria;Bacteria_none;Bacillota;Clostridia;Halanaerobiales;Halanaerobiaceae;Halanaerobium;Halanaerobium hydrogeniformans	0	0	0	0	0	0	0	1	0	0	1
Bacteria;Bacteria_none;Bacillota;Bacilli;Lactobacillales;Aerococcaceae;Aerococcus;Aerococcus viridans	0	0	0	0	0	1	0	0	0	0	1
Bacteria;Bacteria_none;Bacillota;Clostridia;Eubacteriales;Oscillospiraceae;Ruminococcus;Ruminococcus champanellensis	0	0	0	0	0	1	0	0	0	0	1
Bacteria;Bacteria_none;Bacillota;Clostridia;Eubacteriales;Desulfitobacteriaceae;Desulfosporosinus;Desulfosporosinus orientis	0	0	0	0	0	0	0	1	0	0	1
Bacteria;Bacteria_none;Bacillota;Clostridia;Eubacteriales;Clostridiaceae;Clostridium;Clostridium estertheticum	0	0	0	0	0	0	0	1	0	0	1
Bacteria;Bacteria_none;Bacillota;Clostridia;Eubacteriales;Clostridiaceae;Alkaliphilus;Alkaliphilus metalliredigens	0	0	0	0	0	1	0	0	0	0	1
Bacteria;Bacteria_none;Bacillota;Bacilli;Lactobacillales;Streptococcaceae;Streptococcus;Streptococcus gordonii	0	1	0	0	0	0	0	0	0	0	1
Bacteria;Bacteria_none;Bacillota;Bacilli;Lactobacillales;Streptococcaceae;Lactococcus;Lactococcus lactis	0	1	0	0	0	0	0	0	0	0	1
Bacteria;Bacteria_none;Bacillota;Bacilli;Lactobacillales;Lactobacillaceae;Companilactobacillus;Companilactobacillus pabuli	0	0	0	0	0	0	0	1	0	0	1
Bacteria;Bacteria_none;Bacillota;Bacilli;Lactobacillales;Aerococcaceae;Suicoccus;Suicoccus acidiformans	0	0	0	0	0	0	0	0	0	1	1
Bacteria;Bacteria_none;Bacillota;Bacilli;Bacillales;Thermoactinomycetaceae;Staphylospora;Staphylospora marina	0	1	0	0	0	0	0	0	0	0	1
Bacteria;Bacteria_none;Bacillota;Bacilli;Bacillales;Listeriaceae;Listeria;Listeria innocua	0	0	0	0	0	0	0	1	0	0	1
Bacteria;Bacteria_none;Bacillota;Bacilli;Bacillales;Thermoactinomycetaceae;Novibacillus;Novibacillus thermophilus	0	0	0	0	0	1	0	0	0	0	1
Bacteria;Bacteria_none;Bacillota;Bacilli;Bacillales;Staphylococcaceae;Staphylococcus;Staphylococcus gallinarum	0	0	0	0	0	0	0	1	0	0	1
Bacteria;Bacteria_none;Bacillota;Bacilli;Bacillales;Staphylococcaceae;Staphylococcus;Staphylococcus epidermidis	0	0	0	0	0	0	0	1	0	0	1
Bacteria;Bacteria_none;Bacillota;Bacilli;Bacillales;Staphylococcaceae;Staphylococcus;Staphylococcus arlettae	0	0	0	0	0	1	0	0	0	0	1
Bacteria;Bacteria_none;Bacillota;Bacilli;Bacillales;Staphylococcaceae;Staphylococcus;Staphylococcus agnetis	0	0	0	0	0	0	0	0	0	1	1
Bacteria;Bacteria_none;Bacillota;Bacilli;Bacillales;Paenibacillaceae;Paenibacillus;Paenibacillus sp. YPD9-1	0	0	0	0	0	1	0	0	0	0	1
Bacteria;Bacteria_none;Bacillota;Bacilli;Bacillales;Paenibacillaceae;Paenibacillus;Paenibacillus bovis	0	0	0	0	0	0	0	1	0	0	1
Bacteria;Bacteria_none;Bacillota;Bacilli;Bacillales;Paenibacillaceae;Cohnella;Cohnella sp. LGH	0	0	0	0	0	1	0	0	0	0	1
Viruses;Heunggongvirae;Uroviricota;Caudoviricetes;Caudoviricetes_Incertae_sedis;Caudoviricetes_Incertae_sedis_Incertae_sedis;Pahexavirus;Pahexavirus SKKY	0	1	0	0	0	0	0	0	0	0	1
